Expiry,Pay Date,Days,Notional,CapStrike,CapVols,Reset Rate,Hedge Ratio,Equiv. Coupon,Payment,Discount,Intrinsic PV,Time PV,PV,cap_id,T_i,T_iM1,tau_i
2024-08-30,2024-12-03,91,10000000,2.37617,,3.49,0.0,1.1138,28155.2,0.991428,27913.87,0.0,27913.87,1,0.2638888888888889,0.0,0.2638888888888889
2024-11-29,2025-03-03,90,10000000,2.37617,27.43,3.09406,0.97,0.7212,18030.32,0.983946,17659.13,81.73,17740.86,1,0.5138888888888888,0.2527777777777777,0.261111111111111
2025-02-27,2025-06-03,92,10000000,2.37617,28.1,2.67656,0.76,0.3823,9769.9,0.977475,7503.77,2046.07,9549.84,1,0.7694444444444445,0.5027777777777778,0.2666666666666667
2025-05-30,2025-09-03,92,10000000,2.37617,29.51,2.3779,0.55,0.2405,6145.88,0.971753,42.94,5929.34,5972.28,1,1.025,0.7583333333333333,0.2666666666666666
2025-09-01,2025-12-03,91,10000000,2.37617,34.97,2.25349,0.51,0.2628,6642.1,0.966554,0.0,6419.95,6419.95,1,1.2777777777777777,1.0194444444444444,0.2583333333333333
2025-12-01,2026-03-03,90,10000000,2.37617,35.89,2.17676,0.49,0.2699,6747.87,0.96144,0.0,6487.67,6487.67,1,1.5277777777777777,1.272222222222222,0.2555555555555555
2026-02-27,2026-06-03,92,10000000,2.37617,39.55,2.14709,0.51,0.3255,8317.43,0.956425,0.0,7955.0,7955.0,1,1.7833333333333334,1.5166666666666666,0.2666666666666668
2026-06-01,2026-09-03,92,10000000,2.37617,39.85,2.14039,0.52,0.3596,9188.85,0.95144,0.0,8742.64,8742.64,1,2.0388888888888888,1.7777777777777777,0.261111111111111
2026-09-01,2026-12-03,91,10000000,2.37617,41.06,2.22596,0.56,0.4531,11452.22,0.946437,0.0,10838.81,10838.81,1,2.2916666666666665,2.033333333333333,0.2583333333333333
2026-12-01,2027-03-03,90,10000000,2.37617,40.97,2.24025,0.57,0.4909,12272.78,0.941515,0.0,11555.01,11555.01,1,2.5416666666666665,2.286111111111111,0.2555555555555555
2027-03-01,2027-06-03,92,10000000,2.37617,41.04,2.24039,0.58,0.5206,13303.8,0.93651,0.0,12459.13,12459.13,1,2.797222222222222,2.536111111111111,0.261111111111111
2027-06-01,2027-09-03,92,10000000,2.37617,40.83,2.24039,0.58,0.5454,13937.09,0.931531,0.0,12982.83,12982.83,1,3.0527777777777776,2.7916666666666665,0.261111111111111
2027-09-01,2027-12-03,91,10000000,2.37617,40.34,2.26684,0.59,0.5803,14668.4,0.926429,0.0,13589.24,13589.24,1,3.305555555555556,3.047222222222222,0.2583333333333333
2027-12-01,2028-03-03,91,10000000,2.37617,40.4,2.26684,0.6,0.606,15317.79,0.921348,0.0,14113.02,14113.02,1,3.558333333333333,3.3,0.2583333333333333
2028-03-01,2028-06-05,94,10000000,2.37617,40.47,2.26705,0.6,0.6309,16473.11,0.916129,0.0,15091.5,15091.5,1,3.8194444444444446,3.5527777777777776,0.266666666666667
2028-06-01,2028-09-04,91,10000000,2.37617,40.32,2.26777,0.6,0.652,16480.26,0.911105,0.0,15015.25,15015.25,1,4.072222222222222,3.808333333333333,0.2638888888888888
2028-08-31,2028-12-04,91,10000000,2.37617,39.31,2.34563,0.62,0.7061,17849.35,0.905943,0.0,16170.5,16170.5,1,4.325,4.061111111111111,0.2638888888888893
2028-11-30,2029-03-05,91,10000000,2.37617,39.32,2.34563,0.62,0.7274,18387.7,0.900809,0.0,16563.81,16563.81,1,4.5777777777777775,4.313888888888889,0.2638888888888884
2029-03-01,2029-06-04,91,10000000,2.37617,39.39,2.3457,0.62,0.749,18932.37,0.895704,0.0,16957.79,16957.79,1,4.830555555555556,4.566666666666666,0.2638888888888893
2029-05-31,2029-09-03,91,10000000,2.37617,39.33,2.34578,0.62,0.7677,19404.77,0.890627,0.0,17282.42,17282.42,1,5.083333333333333,4.819444444444445,0.2638888888888884
2029-08-30,2029-12-03,91,10000000,2.37617,39.19,2.35242,0.62,0.7884,19930.17,0.885442,0.0,17647.02,17647.02,1,5.336111111111111,5.072222222222222,0.2638888888888893
2029-11-29,2030-03-04,91,10000000,2.37617,39.25,2.35242,0.62,0.808,20424.56,0.880286,0.0,17979.45,17979.45,1,5.588888888888889,5.325,0.2638888888888884
2030-02-28,2030-06-03,91,10000000,2.37617,39.31,2.3525,0.62,0.8273,20913.05,0.875159,0.0,18302.25,18302.25,1,5.841666666666667,5.5777777777777775,0.2638888888888893
2030-05-30,2030-09-03,92,10000000,2.37617,38.87,2.3525,0.62,0.8359,21360.9,0.870007,0.0,18584.13,18584.13,1,6.097222222222222,5.830555555555556,0.2666666666666666
2030-08-30,2030-12-03,91,10000000,2.37617,36.63,2.53234,0.64,0.9294,23494.4,0.864736,3413.68,16902.77,20316.45,1,6.35,6.086111111111111,0.2638888888888884
2030-11-29,2031-03-03,90,10000000,2.37617,36.59,2.53225,0.64,0.9447,23617.59,0.859552,3354.02,16946.52,20300.54,1,6.6,6.338888888888889,0.261111111111111
2031-02-27,2031-06-03,92,10000000,2.37617,36.64,2.53243,0.64,0.9617,24575.93,0.854284,3411.42,17583.41,20994.83,1,6.855555555555555,6.588888888888889,0.2666666666666666
2031-05-30,2031-09-03,92,10000000,2.37617,36.65,2.53243,0.64,0.9776,24983.94,0.849049,3390.52,17822.08,21212.59,1,7.111111111111111,6.844444444444444,0.2666666666666666
2031-09-01,2031-12-03,91,10000000,2.37617,36.43,2.55681,0.64,1.0055,25417.21,0.843766,3852.8,17593.38,21446.18,1,7.363888888888889,7.105555555555555,0.2583333333333337
2031-12-01,2032-03-03,91,10000000,2.37617,36.48,2.55681,0.64,1.0214,25819.68,0.838515,3828.82,17821.36,21650.19,1,7.616666666666666,7.358333333333333,0.2583333333333328
2032-03-01,2032-06-03,92,10000000,2.37617,36.53,2.5569,0.63,1.0373,26508.09,0.833239,3848.47,18239.09,22087.56,1,7.872222222222222,7.611111111111111,0.261111111111111
2032-06-01,2032-09-03,92,10000000,2.37617,36.31,2.5569,0.63,1.0465,26743.2,0.827996,3824.26,18319.0,22143.25,1,8.127777777777778,7.866666666666666,0.2611111111111119
2032-09-01,2032-12-03,91,10000000,2.37617,35.26,2.64637,0.64,1.0996,27794.71,0.822656,5618.75,17246.73,22865.48,1,8.380555555555556,8.122222222222222,0.2583333333333346
2032-12-01,2033-03-03,90,10000000,2.37617,35.3,2.64627,0.63,1.114,27849.03,0.817402,5519.53,17244.31,22763.85,1,8.630555555555556,8.375,0.2555555555555564
2033-03-01,2033-06-03,92,10000000,2.37617,35.35,2.64646,0.63,1.1284,28837.62,0.812066,5609.39,17808.67,23418.05,1,8.886111111111111,8.625,0.261111111111111
2033-06-01,2033-09-05,94,10000000,2.37617,34.92,2.64666,0.63,1.1308,29527.4,0.80665,5697.19,18121.09,23818.28,1,9.147222222222222,8.880555555555556,0.2666666666666657
2033-09-01,2033-12-05,91,10000000,2.37617,34.0,2.70719,0.63,1.164,29422.56,0.801287,6704.87,16871.04,23575.91,1,9.4,9.136111111111113,0.2638888888888893
2033-12-01,2034-03-03,88,10000000,2.37617,34.0,2.70719,0.63,1.1764,28756.84,0.796133,6442.12,16452.14,22894.26,1,9.644444444444444,9.38888888888889,0.2555555555555546
2034-03-01,2034-06-05,94,10000000,2.37617,34.04,2.7075,0.62,1.1897,31064.13,0.790664,6840.38,17720.91,24561.28,1,9.905555555555557,9.63888888888889,0.2666666666666657
2034-06-01,2034-09-04,91,10000000,2.37617,33.7,2.70801,0.62,1.1928,30151.84,0.785405,6588.25,17093.15,23681.41,1,10.158333333333331,9.894444444444444,0.2638888888888893
2034-08-31,2034-12-04,91,10000000,2.37617,32.82,2.77328,0.62,1.2289,31063.61,0.780145,7831.18,16402.92,24234.1,1,10.411111111111111,10.147222222222222,0.2638888888888893
2034-11-30,2035-03-05,91,10000000,2.37617,32.82,2.77328,0.62,1.2402,31349.69,0.774919,7778.73,16514.74,24293.46,1,10.66388888888889,10.4,0.2638888888888893
2035-03-01,2035-06-04,91,10000000,2.37617,32.86,2.77339,0.61,1.2526,31662.84,0.769728,7728.69,16643.08,24371.78,1,10.916666666666666,10.65277777777778,0.2638888888888875
2035-05-31,2035-09-03,91,10000000,2.37617,32.93,2.77361,0.61,1.2657,31993.64,0.764572,7681.27,16780.17,24461.44,1,11.169444444444444,10.905555555555557,0.2638888888888893
2035-08-30,2035-12-03,91,10000000,2.37617,32.83,2.79398,0.61,1.2892,32588.05,0.759249,8018.71,16723.75,24742.46,1,11.422222222222222,11.158333333333331,0.2638888888888893
2035-11-29,2036-03-03,91,10000000,2.37617,32.86,2.79398,0.61,1.3009,32884.17,0.753961,7962.86,16830.54,24793.4,1,11.675,11.411111111111111,0.2638888888888893
2036-02-28,2036-06-03,92,10000000,2.37617,32.9,2.79409,0.6,1.3127,33547.67,0.748653,7995.75,17119.81,25115.56,1,11.930555555555555,11.66388888888889,0.2666666666666657
2036-05-30,2036-09-03,92,10000000,2.37617,31.9,2.79409,0.6,1.2932,33048.9,0.743382,7939.45,16628.49,24567.95,1,12.186111111111112,11.919444444444444,0.2666666666666675
2036-09-01,2036-12-03,91,10000000,2.37617,31.31,2.72977,0.59,1.2375,31282.29,0.738255,6598.73,16495.58,23094.31,1,12.438888888888888,12.180555555555555,0.2583333333333328
2036-12-01,2037-03-03,90,10000000,2.37617,31.33,2.72967,0.59,1.2479,31196.67,0.73322,6479.82,16394.22,22874.03,1,12.688888888888888,12.433333333333334,0.2555555555555546
2037-02-27,2037-06-03,92,10000000,2.37617,31.36,2.72987,0.59,1.2583,32156.21,0.728109,6581.48,16831.75,23413.23,1,12.944444444444445,12.677777777777775,0.2666666666666675
2037-06-01,2037-09-03,92,10000000,2.37617,31.4,2.72987,0.59,1.2692,32434.6,0.723034,6535.6,16915.7,23451.3,1,13.2,12.938888888888888,0.261111111111111
2037-09-01,2037-12-03,91,10000000,2.37617,31.44,2.72977,0.58,1.2797,32348.22,0.718048,6418.12,16809.46,23227.57,1,13.452777777777778,13.194444444444445,0.2583333333333328
2037-12-01,2038-03-03,90,10000000,2.37617,31.47,2.72967,0.58,1.29,32250.42,0.713151,6302.46,16696.96,22999.42,1,13.702777777777778,13.447222222222225,0.2555555555555546
2038-03-01,2038-06-03,92,10000000,2.37617,31.5,2.72987,0.58,1.3002,33228.61,0.70818,6401.34,17130.49,23531.83,1,13.958333333333334,13.697222222222225,0.261111111111111
2038-06-01,2038-09-03,92,10000000,2.37617,31.54,2.72987,0.57,1.3105,33491.61,0.703243,6356.72,17196.03,23552.74,1,14.213888888888889,13.952777777777778,0.261111111111111
2038-09-01,2038-12-03,91,10000000,2.37617,31.58,2.72977,0.57,1.3207,33383.22,0.698394,6242.44,17072.2,23314.64,1,14.466666666666669,14.208333333333334,0.2583333333333328
2038-12-01,2039-03-03,90,10000000,2.37617,31.61,2.72967,0.57,1.3306,33264.99,0.693631,6129.95,16943.68,23073.63,1,14.716666666666669,14.46111111111111,0.2555555555555564
2039-03-01,2039-06-03,92,10000000,2.37617,31.65,2.72987,0.56,1.3405,34257.71,0.688796,6226.12,17370.44,23596.56,1,14.97222222222222,14.71111111111111,0.261111111111111
2039-06-01,2039-09-05,94,10000000,2.37617,31.1,2.73008,0.56,1.3319,34777.82,0.68389,6319.86,17464.35,23784.21,1,15.233333333333333,14.966666666666669,0.2666666666666657
2039-09-01,2039-12-05,91,10000000,2.37617,32.56,2.4846,0.56,1.2011,30361.95,0.679716,1863.02,18774.49,20637.51,1,15.48611111111111,15.22222222222222,0.2638888888888893
2039-12-01,2040-03-05,91,10000000,2.37617,32.67,2.4846,0.55,1.2128,30655.77,0.675573,1851.67,18858.56,20710.23,1,15.738888888888887,15.475,0.2638888888888893
2040-03-01,2040-06-04,91,10000000,2.37617,32.71,2.48468,0.55,1.2222,30895.4,0.671456,1841.83,18903.07,20744.9,1,15.991666666666667,15.727777777777778,0.2638888888888893
2040-05-31,2040-09-03,91,10000000,2.37617,32.74,2.48468,0.55,1.2316,31131.47,0.667364,1830.61,18945.41,20776.02,1,16.244444444444444,15.980555555555556,0.2638888888888875
2040-08-30,2040-12-03,91,10000000,2.37617,32.78,2.4846,0.55,1.2408,31364.05,0.663296,1818.02,18985.64,20803.66,1,16.497222222222224,16.233333333333334,0.2638888888888893
2040-11-29,2041-03-04,91,10000000,2.37617,32.82,2.4846,0.54,1.25,31596.5,0.659254,1806.94,19023.17,20830.11,1,16.75,16.48611111111111,0.2638888888888893
2041-02-28,2041-06-03,91,10000000,2.37617,32.86,2.48468,0.54,1.2592,31828.87,0.655236,1797.34,19058.07,20855.41,1,17.002777777777776,16.738888888888887,0.2638888888888893
2041-05-30,2041-09-03,92,10000000,2.37617,32.9,2.48468,0.54,1.2682,32409.38,0.651199,1805.9,19299.04,21104.94,1,17.258333333333333,16.991666666666667,0.2666666666666657
2041-08-30,2041-12-03,91,10000000,2.37617,32.95,2.4846,0.53,1.2772,32285.7,0.64723,1773.98,19122.29,20896.27,1,17.511111111111113,17.247222222222224,0.2638888888888893
2041-11-29,2042-03-03,90,10000000,2.37617,32.99,2.48451,0.53,1.2861,32153.22,0.643328,1742.53,18942.54,20685.08,1,17.761111111111113,17.5,0.2611111111111128
2042-02-27,2042-06-03,92,10000000,2.37617,33.03,2.48468,0.53,1.295,33093.95,0.639364,1773.08,19386.01,21159.09,1,18.016666666666666,17.75,0.2666666666666657
2042-09-01,2042-12-03,91,10000000,2.37617,33.11,2.4846,0.52,1.3128,33185.76,0.631552,1731.01,19227.53,20958.54,1,18.525,18.266666666666666,0.2583333333333328
2042-05-30,2042-09-03,92,10000000,2.37617,33.07,2.48468,0.52,1.3039,33321.03,0.635425,1762.15,19410.86,21173.02,1,18.272222222222226,18.005555555555556,0.2666666666666657
2042-12-01,2043-03-03,90,10000000,2.37617,33.16,2.48451,0.52,1.3215,33037.13,0.627745,1700.33,19038.58,20738.9,1,18.775,18.51944444444445,0.2555555555555528
2043-06-01,2043-09-03,92,10000000,2.37617,33.24,2.48468,0.51,1.3387,34212.2,0.620033,1719.47,19493.24,21212.7,1,19.28611111111111,19.025,0.2611111111111128
2043-09-01,2043-12-03,91,10000000,2.37617,33.28,2.4846,0.51,1.3473,34057.23,0.616254,1689.08,19298.84,20987.92,1,19.538888888888888,19.280555555555555,0.2583333333333328
2043-02-27,2043-06-03,92,10000000,2.37617,33.19,2.48468,0.51,1.3299,33986.45,0.623877,1730.13,19473.25,21203.38,1,19.030555555555555,18.76388888888889,0.2666666666666657
2043-12-01,2044-03-03,91,10000000,2.37617,33.33,2.4846,0.5,1.3558,34270.94,0.612499,1678.79,19312.11,20990.9,1,19.791666666666668,19.53333333333333,0.2583333333333328
2044-03-01,2044-06-03,92,10000000,2.37617,33.37,2.48468,0.5,1.3642,34863.14,0.608725,1688.11,19533.94,21222.05,1,20.04722222222222,19.78611111111111,0.2611111111111093
2044-06-01,2044-09-05,94,10000000,2.37617,32.38,2.48486,0.5,1.3388,34956.32,0.604893,1716.65,19428.18,21144.83,1,20.308333333333334,20.041666666666668,0.2666666666666657
2044-09-01,2044-12-05,91,10000000,2.37617,36.23,2.02202,0.52,1.1084,28017.16,0.601807,0.0,16860.94,16860.94,1,20.56111111111111,20.29722222222222,0.2638888888888893
2044-12-01,2045-03-03,88,10000000,2.37617,36.49,2.02202,0.52,1.122,27427.56,0.598845,0.0,16424.86,16424.86,1,20.80555555555556,20.55,0.2555555555555564
2045-03-01,2045-06-05,94,10000000,2.37617,36.55,2.02219,0.51,1.1299,29501.8,0.595697,0.0,17574.13,17574.13,1,21.066666666666663,20.8,0.2666666666666657
2045-06-01,2045-09-04,91,10000000,2.37617,36.61,2.02208,0.51,1.1377,28758.96,0.592665,0.0,17044.43,17044.43,1,21.319444444444443,21.05555555555556,0.2638888888888857
2045-08-31,2045-12-04,91,10000000,2.37617,36.67,2.02202,0.51,1.1455,28954.43,0.589649,0.0,17072.94,17072.94,1,21.572222222222223,21.308333333333334,0.2638888888888893
2045-11-30,2046-03-05,91,10000000,2.37617,36.73,2.02202,0.5,1.1532,29149.9,0.586648,0.0,17100.72,17100.72,1,21.825,21.56111111111111,0.2638888888888893
2046-03-01,2046-06-04,91,10000000,2.37617,36.79,2.02208,0.5,1.1609,29345.35,0.583662,0.0,17127.76,17127.76,1,22.07777777777778,21.81388888888889,0.2638888888888893
2046-05-31,2046-09-03,91,10000000,2.37617,36.85,2.02208,0.5,1.1686,29538.57,0.580691,0.0,17152.79,17152.79,1,22.33055555555556,22.066666666666663,0.2638888888888893
2046-08-30,2046-12-03,91,10000000,2.37617,36.91,2.02202,0.5,1.1761,29729.59,0.577736,0.0,17175.85,17175.85,1,22.58333333333333,22.319444444444443,0.2638888888888893
2046-11-29,2047-03-04,91,10000000,2.37617,36.97,2.02202,0.49,1.1837,29920.68,0.574795,0.0,17198.27,17198.27,1,22.836111111111112,22.572222222222223,0.2638888888888893
2047-02-28,2047-06-03,91,10000000,2.37617,37.03,2.02208,0.49,1.1912,30111.85,0.57187,0.0,17220.05,17220.05,1,23.08888888888889,22.825,0.2638888888888893
2047-05-30,2047-09-03,92,10000000,2.37617,37.09,2.02208,0.49,1.1987,30633.21,0.568927,0.0,17428.07,17428.07,1,23.344444444444445,23.07777777777778,0.2666666666666657
2047-08-30,2047-12-03,91,10000000,2.37617,37.15,2.02202,0.49,1.2062,30489.58,0.566032,0.0,17258.06,17258.06,1,23.59722222222222,23.33333333333333,0.2638888888888893
2047-11-29,2048-03-03,91,10000000,2.37617,37.22,2.02202,0.48,1.2136,30676.6,0.563151,0.0,17275.55,17275.55,1,23.85,23.586111111111112,0.2638888888888893
2048-02-28,2048-06-03,92,10000000,2.37617,37.28,2.02208,0.48,1.221,31202.28,0.560253,0.0,17481.17,17481.17,1,24.105555555555554,23.83888888888889,0.2666666666666657
2048-06-01,2048-09-03,92,10000000,2.37617,37.35,2.02208,0.48,1.2285,31395.14,0.55737,0.0,17498.72,17498.72,1,24.36111111111111,24.1,0.2611111111111093
2048-09-01,2048-12-03,91,10000000,2.37617,37.41,2.02202,0.47,1.2359,31240.05,0.554534,0.0,17323.66,17323.66,1,24.613888888888887,24.355555555555554,0.2583333333333328
2048-12-01,2049-03-03,90,10000000,2.37617,37.48,2.02196,0.47,1.2431,31077.2,0.551742,0.0,17146.6,17146.6,1,24.863888888888887,24.60833333333333,0.2555555555555528
2049-03-01,2049-06-03,92,10000000,2.37617,37.54,2.02208,0.47,1.2502,31950.08,0.548903,0.0,17537.5,17537.5,1,25.119444444444444,24.85833333333333,0.2611111111111093
2049-06-01,2049-09-03,92,10000000,2.37617,36.07,2.02208,0.46,1.2138,31019.43,0.546079,0.0,16939.05,16939.05,1,25.375,25.113888888888887,0.2611111111111128
2049-09-01,2049-12-03,91,10000000,2.37617,38.09,1.78681,0.48,1.0884,27511.35,0.543551,0.0,14953.82,14953.82,1,25.627777777777776,25.369444444444444,0.2583333333333328
2049-12-01,2050-03-03,90,10000000,2.37617,38.18,1.78677,0.48,1.0957,27391.74,0.541071,0.0,14820.88,14820.88,1,25.877777777777776,25.622222222222224,0.2555555555555528
2050-03-01,2050-06-03,92,10000000,2.37617,38.25,1.78686,0.48,1.1023,28169.9,0.538547,0.0,15170.83,15170.83,1,26.133333333333333,25.872222222222224,0.2611111111111093
2050-06-01,2050-09-05,94,10000000,2.37617,38.32,1.78695,0.47,1.109,28956.9,0.535981,0.0,15520.36,15520.36,1,26.39444444444445,26.127777777777776,0.2666666666666692
2050-09-01,2050-12-05,91,10000000,2.37617,38.39,1.78681,0.47,1.1156,28198.96,0.533509,0.0,15044.39,15044.39,1,26.647222222222226,26.383333333333333,0.2638888888888893
2050-12-01,2051-03-03,88,10000000,2.37617,38.47,1.78681,0.47,1.1222,27431.17,0.531128,0.0,14569.47,14569.47,1,26.891666666666666,26.636111111111116,0.2555555555555528
2051-03-01,2051-06-05,94,10000000,2.37617,38.54,1.78695,0.47,1.1287,29470.39,0.528597,0.0,15577.97,15577.97,1,27.15277777777778,26.886111111111116,0.2666666666666657
2051-06-01,2051-09-04,91,10000000,2.37617,38.61,1.78686,0.46,1.1352,28694.77,0.526159,0.0,15098.0,15098.0,1,27.405555555555555,27.141666666666666,0.2638888888888893
2051-08-31,2051-12-04,91,10000000,2.37617,38.69,1.78681,0.46,1.1416,28857.17,0.523732,0.0,15113.41,15113.41,1,27.65833333333333,27.39444444444445,0.2638888888888893
2051-11-30,2052-03-04,91,10000000,2.37617,38.76,1.78681,0.46,1.148,29019.83,0.521315,0.0,15128.48,15128.48,1,27.91111111111111,27.647222222222226,0.2638888888888893
2052-02-29,2052-06-03,91,10000000,2.37617,38.83,1.78686,0.45,1.1545,29182.59,0.51891,0.0,15143.15,15143.15,1,28.163888888888888,27.9,0.2638888888888893
2052-05-30,2052-09-03,92,10000000,2.37617,38.91,1.78686,0.45,1.1608,29665.52,0.51649,0.0,15321.95,15321.95,1,28.419444444444444,28.15277777777778,0.2666666666666657
2052-08-30,2052-12-03,91,10000000,2.37617,38.99,1.78681,0.45,1.1672,29504.67,0.514107,0.0,15168.57,15168.57,1,28.67222222222222,28.40833333333333,0.2638888888888857
2052-11-29,2053-03-03,90,10000000,2.37617,39.06,1.78677,0.45,1.1735,29338.06,0.511762,0.0,15014.1,15014.1,1,28.92222222222222,28.66111111111111,0.2611111111111093
2053-02-27,2053-06-03,92,10000000,2.37617,39.14,1.78686,0.44,1.1798,30150.01,0.509375,0.0,15357.66,15357.66,1,29.177777777777777,28.91111111111111,0.2666666666666657
2053-05-30,2053-09-03,92,10000000,2.37617,39.22,1.78686,0.44,1.1861,30311.77,0.506999,0.0,15368.05,15368.05,1,29.433333333333334,29.166666666666668,0.2666666666666657
2053-09-01,2053-12-03,91,10000000,2.37617,39.3,1.78681,0.44,1.1925,30144.71,0.50466,0.0,15212.84,15212.84,1,29.68611111111111,29.427777777777777,0.2583333333333328
2053-12-01,2054-03-03,90,10000000,2.37617,39.38,1.78677,0.43,1.1987,29968.53,0.502358,0.0,15054.92,15054.92,1,29.93611111111111,29.68055555555556,0.2555555555555528
2054-02-27,2054-06-03,92,10000000,2.37617,39.46,1.78686,0.43,1.2048,30788.38,0.500015,0.0,15394.65,15394.65,1,30.191666666666663,29.925,0.2666666666666657
2054-06-01,2054-09-03,92,10000000,2.37617,39.27,1.78686,0.43,1.2042,30775.05,0.497683,0.0,15316.21,15316.21,1,30.447222222222223,30.18611111111111,0.2611111111111128
2024-08-30,2024-12-03,91,10000000,2.1,,3.49,0.0,1.39,35136.11,0.991428,34834.94,0.0,34834.94,2,0.2638888888888889,0.0,0.2638888888888889
2024-11-29,2025-03-03,90,10000000,2.1,31.82,3.09406,0.99,0.9949,24871.6,0.983946,24452.48,19.82,24472.3,2,0.5138888888888888,0.2527777777777777,0.261111111111111
2025-02-27,2025-06-03,92,10000000,2.1,32.81,2.67656,0.87,0.6165,15753.77,0.977475,14402.42,996.5,15398.92,2,0.7694444444444445,0.5027777777777778,0.2666666666666667
2025-05-30,2025-09-03,92,10000000,2.1,34.21,2.3779,0.71,0.4232,10815.01,0.971753,6901.21,3608.31,10509.52,2,1.025,0.7583333333333333,0.2666666666666666
2025-09-01,2025-12-03,91,10000000,2.1,38.31,2.25349,0.64,0.4121,10415.92,0.966554,3750.21,6317.34,10067.55,2,1.2777777777777777,1.0194444444444444,0.2583333333333333
2025-12-01,2026-03-03,90,10000000,2.1,39.22,2.17676,0.61,0.4098,10245.02,0.96144,1845.1,8004.86,9849.96,2,1.5277777777777777,1.272222222222222,0.2555555555555555
2026-02-27,2026-06-03,92,10000000,2.1,41.59,2.14709,0.61,0.4487,11466.73,0.956425,1150.86,9816.21,10967.07,2,1.7833333333333334,1.5166666666666666,0.2666666666666668
2026-06-01,2026-09-03,92,10000000,2.1,41.83,2.14039,0.61,0.4816,12307.96,0.95144,982.11,10728.17,11710.28,2,2.0388888888888888,1.7777777777777777,0.261111111111111
2026-09-01,2026-12-03,91,10000000,2.1,43.36,2.22596,0.64,0.5855,14800.06,0.946437,3013.38,10993.95,14007.33,2,2.2916666666666665,2.033333333333333,0.2583333333333333
2026-12-01,2027-03-03,90,10000000,2.1,43.29,2.24025,0.65,0.6245,15611.25,0.941515,3301.16,11397.07,14698.23,2,2.5416666666666665,2.286111111111111,0.2555555555555555
2027-03-01,2027-06-03,92,10000000,2.1,43.37,2.24039,0.65,0.6539,16710.0,0.93651,3359.91,12289.17,15649.08,2,2.797222222222222,2.536111111111111,0.261111111111111
2027-06-01,2027-09-03,92,10000000,2.1,43.01,2.24039,0.65,0.6764,17285.51,0.931531,3342.05,12759.94,16101.99,2,3.0527777777777776,2.7916666666666665,0.261111111111111
2027-09-01,2027-12-03,91,10000000,2.1,42.36,2.26684,0.66,0.7112,17976.99,0.926429,3907.07,12747.34,16654.41,2,3.305555555555556,3.047222222222222,0.2583333333333333
2027-12-01,2028-03-03,91,10000000,2.1,42.44,2.26684,0.66,0.7364,18614.38,0.921348,3885.65,13264.68,17150.33,2,3.558333333333333,3.3,0.2583333333333333
2028-03-01,2028-06-05,94,10000000,2.1,42.51,2.26705,0.66,0.7609,19867.46,0.916129,3996.12,14205.04,18201.16,2,3.8194444444444446,3.5527777777777776,0.266666666666667
2028-06-01,2028-09-04,91,10000000,2.1,42.37,2.26777,0.66,0.7817,19758.98,0.911105,3863.81,14138.7,18002.51,2,4.072222222222222,3.808333333333333,0.2638888888888888
2028-08-31,2028-12-04,91,10000000,2.1,41.34,2.34563,0.67,0.8412,21263.78,0.905943,5624.92,13638.86,19263.78,2,4.325,4.061111111111111,0.2638888888888893
2028-11-30,2029-03-05,91,10000000,2.1,41.37,2.34563,0.67,0.8621,21790.85,0.900809,5593.04,14036.35,19629.39,2,4.5777777777777775,4.313888888888889,0.2638888888888884
2029-03-01,2029-06-04,91,10000000,2.1,41.44,2.3457,0.67,0.8831,22323.86,0.895704,5563.07,14432.49,19995.56,2,4.830555555555556,4.566666666666666,0.2638888888888893
2029-05-31,2029-09-03,91,10000000,2.1,41.39,2.34578,0.67,0.9015,22787.06,0.890627,5533.2,14761.57,20294.78,2,5.083333333333333,4.819444444444445,0.2638888888888884
2029-08-30,2029-12-03,91,10000000,2.1,41.26,2.35242,0.67,0.9224,23316.78,0.885442,5649.67,14995.99,20645.67,2,5.336111111111111,5.072222222222222,0.2638888888888893
2029-11-29,2030-03-04,91,10000000,2.1,41.33,2.35242,0.67,0.9416,23801.12,0.880286,5616.77,15335.02,20951.79,2,5.588888888888889,5.325,0.2638888888888884
2030-02-28,2030-06-03,91,10000000,2.1,41.41,2.3525,0.67,0.9605,24279.79,0.875159,5585.76,15662.93,21248.69,2,5.841666666666667,5.5777777777777775,0.2638888888888893
2030-05-30,2030-09-03,92,10000000,2.1,40.95,2.3525,0.67,0.969,24762.23,0.870007,5613.89,15929.42,21543.31,2,6.097222222222222,5.830555555555556,0.2666666666666666
2030-08-30,2030-12-03,91,10000000,2.1,38.63,2.53234,0.68,1.0737,27140.26,0.864736,9450.33,14018.83,23469.16,2,6.35,6.086111111111111,0.2638888888888884
2030-11-29,2031-03-03,90,10000000,2.1,38.6,2.53225,0.68,1.0885,27213.71,0.859552,9288.53,14103.06,23391.59,2,6.6,6.338888888888889,0.261111111111111
2031-05-30,2031-09-03,92,10000000,2.1,38.66,2.53243,0.67,1.1203,28630.32,0.849049,9382.79,14925.76,24308.55,2,7.111111111111111,6.844444444444444,0.2666666666666666
2031-09-01,2031-12-03,91,10000000,2.1,38.43,2.55681,0.67,1.149,29043.86,0.843766,9743.06,14763.17,24506.23,2,7.363888888888889,7.105555555555555,0.2583333333333337
2031-02-27,2031-06-03,92,10000000,2.1,38.66,2.53243,0.68,1.1051,28240.24,0.854284,9440.64,14684.55,24125.2,2,6.855555555555555,6.588888888888889,0.2666666666666666
2031-12-01,2032-03-03,91,10000000,2.1,38.49,2.55681,0.67,1.1645,29435.16,0.838515,9682.42,14999.39,24681.82,2,7.616666666666666,7.358333333333333,0.2583333333333328
2032-03-01,2032-06-03,92,10000000,2.1,38.55,2.5569,0.67,1.1799,30152.47,0.833239,9729.16,15395.04,25124.2,2,7.872222222222222,7.611111111111111,0.261111111111111
2032-06-01,2032-09-03,92,10000000,2.1,38.3,2.5569,0.67,1.1884,30369.16,0.827996,9667.94,15477.59,25145.54,2,8.127777777777778,7.866666666666666,0.2611111111111119
2032-09-01,2032-12-03,91,10000000,2.1,37.19,2.64637,0.67,1.2457,31488.71,0.822656,11361.64,14542.73,25904.37,2,8.380555555555556,8.122222222222222,0.2583333333333346
2032-12-01,2033-03-03,90,10000000,2.1,37.23,2.64627,0.66,1.2596,31491.16,0.817402,11163.04,14577.9,25740.94,2,8.630555555555556,8.375,0.2555555555555564
2033-03-01,2033-06-03,92,10000000,2.1,37.29,2.64646,0.66,1.2737,32549.91,0.812066,11340.65,15092.03,26432.68,2,8.886111111111111,8.625,0.261111111111111
2033-06-01,2033-09-05,94,10000000,2.1,36.86,2.64666,0.66,1.2764,33328.28,0.80665,11513.99,15370.27,26884.26,2,9.147222222222222,8.880555555555556,0.2666666666666657
2033-09-01,2033-12-05,91,10000000,2.1,35.9,2.70719,0.66,1.313,33190.53,0.801287,12298.58,14296.56,26595.14,2,9.4,9.136111111111113,0.2638888888888893
2033-12-01,2034-03-03,88,10000000,2.1,35.91,2.70719,0.65,1.3251,32391.69,0.796133,11816.63,13971.45,25788.09,2,9.644444444444444,9.38888888888889,0.2555555555555546
2034-03-01,2034-06-05,94,10000000,2.1,35.95,2.7075,0.65,1.338,34936.79,0.790664,12541.89,15081.36,27623.26,2,9.905555555555557,9.63888888888889,0.2666666666666657
2034-06-01,2034-09-04,91,10000000,2.1,35.58,2.70801,0.65,1.3408,33893.16,0.785405,12071.1,14548.76,26619.86,2,10.158333333333331,9.894444444444444,0.2638888888888893
2034-08-31,2034-12-04,91,10000000,2.1,34.66,2.77328,0.65,1.38,34882.5,0.780145,13277.3,13936.09,27213.39,2,10.411111111111111,10.147222222222222,0.2638888888888893
2034-11-30,2035-03-05,91,10000000,2.1,34.66,2.77328,0.64,1.3909,35159.27,0.774919,13188.37,14057.22,27245.58,2,10.66388888888889,10.4,0.2638888888888893
2035-03-01,2035-06-04,91,10000000,2.1,34.71,2.77339,0.64,1.4029,35462.57,0.769728,13102.1,14194.44,27296.54,2,10.916666666666666,10.65277777777778,0.2638888888888875
2035-05-31,2035-09-03,91,10000000,2.1,34.77,2.77361,0.63,1.4155,35780.02,0.764572,13018.68,14337.72,27356.41,2,11.169444444444444,10.905555555555557,0.2638888888888893
2035-08-30,2035-12-03,91,10000000,2.1,34.68,2.79398,0.63,1.4395,36386.5,0.759249,13318.96,14307.46,27626.42,2,11.422222222222222,11.158333333333331,0.2638888888888893
2035-11-29,2036-03-03,91,10000000,2.1,34.72,2.79398,0.63,1.4508,36673.22,0.753961,13226.2,14424.0,27650.19,2,11.675,11.411111111111111,0.2638888888888893
2036-02-28,2036-06-03,92,10000000,2.1,34.76,2.79409,0.62,1.4623,37369.17,0.748653,13279.46,14697.07,27976.53,2,11.930555555555555,11.66388888888889,0.2666666666666657
2036-05-30,2036-09-03,92,10000000,2.1,33.7,2.79409,0.62,1.4436,36892.97,0.743382,13185.96,14239.59,27425.56,2,12.186111111111112,11.919444444444444,0.2666666666666675
2036-09-01,2036-12-03,91,10000000,2.1,33.08,2.72977,0.62,1.3857,35026.54,0.738255,11752.43,14106.09,25858.52,2,12.438888888888888,12.180555555555555,0.2583333333333328
2036-12-01,2037-03-03,90,10000000,2.1,33.11,2.72967,0.61,1.3957,34891.91,0.73322,11542.12,14041.34,25583.46,2,12.688888888888888,12.433333333333334,0.2555555555555546
2037-02-27,2037-06-03,92,10000000,2.1,33.14,2.72987,0.61,1.4058,35926.09,0.728109,11720.2,14437.91,26158.11,2,12.944444444444445,12.677777777777775,0.2666666666666675
2037-06-01,2037-09-03,92,10000000,2.1,33.19,2.72987,0.6,1.4164,36196.47,0.723034,11638.5,14532.76,26171.26,2,13.2,12.938888888888888,0.261111111111111
2037-09-01,2037-12-03,91,10000000,2.1,33.23,2.72977,0.6,1.4266,36061.55,0.718048,11430.75,14463.17,25893.92,2,13.452777777777778,13.194444444444445,0.2583333333333328
2037-12-01,2038-03-03,90,10000000,2.1,33.27,2.72967,0.6,1.4366,35915.49,0.713151,11226.19,14386.97,25613.17,2,13.702777777777778,13.447222222222225,0.2555555555555546
2038-03-01,2038-06-03,92,10000000,2.1,33.31,2.72987,0.59,1.4466,36968.09,0.70818,11399.41,14780.64,26180.05,2,13.958333333333334,13.697222222222225,0.261111111111111
2038-06-01,2038-09-03,92,10000000,2.1,33.35,2.72987,0.59,1.4566,37223.99,0.703243,11319.94,14857.57,26177.52,2,14.213888888888889,13.952777777777778,0.261111111111111
2038-09-01,2038-12-03,91,10000000,2.1,33.39,2.72977,0.59,1.4664,37067.91,0.698394,11117.87,14770.13,25888.0,2,14.466666666666669,14.208333333333334,0.2583333333333328
2038-12-01,2039-03-03,90,10000000,2.1,33.44,2.72967,0.58,1.4761,36902.29,0.693631,10918.92,14677.66,25596.58,2,14.716666666666669,14.46111111111111,0.2555555555555564
2039-03-01,2039-06-03,92,10000000,2.1,33.48,2.72987,0.58,1.4858,37969.42,0.688796,11087.39,15065.79,26153.18,2,14.97222222222222,14.71111111111111,0.261111111111111
2039-06-01,2039-09-05,94,10000000,2.1,32.89,2.73008,0.57,1.4771,38568.44,0.68389,11251.43,15125.15,26376.58,2,15.233333333333333,14.966666666666669,0.2666666666666657
2039-09-01,2039-12-05,91,10000000,2.1,34.41,2.4846,0.57,1.3344,33730.02,0.679716,6608.06,16318.78,22926.84,2,15.48611111111111,15.22222222222222,0.2638888888888893
2039-12-01,2040-03-05,91,10000000,2.1,34.53,2.4846,0.57,1.3457,34016.48,0.675573,6567.79,16412.84,22980.63,2,15.738888888888887,15.475,0.2638888888888893
2040-03-01,2040-06-04,91,10000000,2.1,34.58,2.48468,0.57,1.355,34251.28,0.671456,6529.21,16469.02,22998.23,2,15.991666666666667,15.727777777777778,0.2638888888888893
2040-05-31,2040-09-03,91,10000000,2.1,34.62,2.48468,0.56,1.3641,34482.51,0.667364,6489.42,16522.96,23012.38,2,16.244444444444444,15.980555555555556,0.2638888888888875
2040-08-30,2040-12-03,91,10000000,2.1,34.67,2.4846,0.56,1.3732,34710.24,0.663296,6448.43,16574.74,23023.17,2,16.497222222222224,16.233333333333334,0.2638888888888893
2040-11-29,2041-03-04,91,10000000,2.1,34.72,2.4846,0.56,1.3822,34937.97,0.659254,6409.13,16623.85,23032.98,2,16.75,16.48611111111111,0.2638888888888893
2041-02-28,2041-06-03,91,10000000,2.1,34.77,2.48468,0.55,1.3912,35165.77,0.655236,6371.49,16670.38,23041.87,2,17.002777777777776,16.738888888888887,0.2638888888888893
2041-05-30,2041-09-03,92,10000000,2.1,34.81,2.48468,0.55,1.4,35778.36,0.651199,6401.81,16897.0,23298.81,2,17.258333333333333,16.991666666666667,0.2666666666666657
2041-08-30,2041-12-03,91,10000000,2.1,34.86,2.4846,0.55,1.4089,35613.39,0.64723,6292.23,16757.81,23050.04,2,17.511111111111113,17.247222222222224,0.2638888888888893
2041-11-29,2042-03-03,90,10000000,2.1,34.91,2.48451,0.54,1.4176,35439.83,0.643328,6184.2,16615.24,22799.44,2,17.761111111111113,17.5,0.2611111111111128
2042-02-27,2042-06-03,92,10000000,2.1,34.96,2.48468,0.54,1.4263,36449.35,0.639364,6285.47,17018.94,23304.42,2,18.016666666666666,17.75,0.2666666666666657
2042-05-30,2042-09-03,92,10000000,2.1,35.01,2.48468,0.54,1.435,36672.02,0.635425,6246.74,17055.57,23302.32,2,18.272222222222226,18.005555555555556,0.2666666666666657
2042-09-01,2042-12-03,91,10000000,2.1,35.06,2.4846,0.53,1.4438,36495.82,0.631552,6139.82,16909.19,23049.01,2,18.525,18.266666666666666,0.2583333333333328
2042-12-01,2043-03-03,90,10000000,2.1,35.12,2.48451,0.53,1.4523,36306.51,0.627745,6034.4,16756.83,22791.24,2,18.775,18.51944444444445,0.2555555555555528
2043-02-27,2043-06-03,92,10000000,2.1,35.16,2.48468,0.52,1.4605,37324.54,0.623877,6133.22,17152.72,23285.94,2,19.030555555555555,18.76388888888889,0.2666666666666657
2043-06-01,2043-09-03,92,10000000,2.1,35.22,2.48468,0.52,1.4692,37545.98,0.620033,6095.43,17184.33,23279.76,2,19.28611111111111,19.025,0.2611111111111128
2043-09-01,2043-12-03,91,10000000,2.1,35.27,2.4846,0.52,1.4776,37350.62,0.616254,5991.1,17026.39,23017.49,2,19.538888888888888,19.280555555555555,0.2583333333333328
2043-12-01,2044-03-03,91,10000000,2.1,35.32,2.4846,0.51,1.4859,37560.25,0.612499,5954.59,17051.01,23005.6,2,19.791666666666668,19.53333333333333,0.2583333333333328
2044-03-01,2044-06-03,92,10000000,2.1,35.37,2.48468,0.51,1.4942,38184.6,0.608725,5984.26,17259.65,23243.91,2,20.04722222222222,19.78611111111111,0.2611111111111093
2044-06-01,2044-09-05,94,10000000,2.1,34.39,2.48486,0.5,1.4717,38426.63,0.604893,6078.57,17165.43,23243.99,2,20.308333333333334,20.041666666666668,0.2666666666666657
2044-09-01,2044-12-05,91,10000000,2.1,38.65,2.02202,0.53,1.2238,30936.07,0.601807,0.0,18617.56,18617.56,2,20.56111111111111,20.29722222222222,0.2638888888888893
2044-12-01,2045-03-03,88,10000000,2.1,38.95,2.02202,0.53,1.2375,30249.4,0.598845,0.0,18114.71,18114.71,2,20.80555555555556,20.55,0.2555555555555564
2045-03-01,2045-06-05,94,10000000,2.1,39.01,2.02219,0.52,1.2453,32515.06,0.595697,0.0,19369.13,19369.13,2,21.066666666666663,20.8,0.2666666666666657
2045-06-01,2045-09-04,91,10000000,2.1,39.09,2.02208,0.52,1.2531,31674.68,0.592665,0.0,18772.48,18772.48,2,21.319444444444443,21.05555555555556,0.2638888888888857
2045-08-31,2045-12-04,91,10000000,2.1,39.16,2.02202,0.52,1.2607,31868.92,0.589649,0.0,18791.47,18791.47,2,21.572222222222223,21.308333333333334,0.2638888888888893
2045-11-30,2046-03-05,91,10000000,2.1,39.24,2.02202,0.52,1.2684,32063.18,0.586648,0.0,18809.79,18809.79,2,21.825,21.56111111111111,0.2638888888888893
2046-03-01,2046-06-04,91,10000000,2.1,39.31,2.02208,0.51,1.2761,32257.47,0.583662,0.0,18827.45,18827.45,2,22.07777777777778,21.81388888888889,0.2638888888888893
2046-05-31,2046-09-03,91,10000000,2.1,39.39,2.02208,0.51,1.2837,32449.49,0.580691,0.0,18843.13,18843.13,2,22.33055555555556,22.066666666666663,0.2638888888888893
2046-08-30,2046-12-03,91,10000000,2.1,39.46,2.02202,0.51,1.2912,32639.24,0.577736,0.0,18856.85,18856.85,2,22.58333333333333,22.319444444444443,0.2638888888888893
2046-11-29,2047-03-04,91,10000000,2.1,39.54,2.02202,0.5,1.2987,32829.1,0.574795,0.0,18870.01,18870.01,2,22.836111111111112,22.572222222222223,0.2638888888888893
2047-02-28,2047-06-03,91,10000000,2.1,39.62,2.02208,0.5,1.3062,33019.09,0.57187,0.0,18882.62,18882.62,2,23.08888888888889,22.825,0.2638888888888893
2047-05-30,2047-09-03,92,10000000,2.1,39.69,2.02208,0.5,1.3137,33571.18,0.568927,0.0,19099.56,19099.56,2,23.344444444444445,23.07777777777778,0.2666666666666657
2047-08-30,2047-12-03,91,10000000,2.1,39.77,2.02202,0.49,1.3211,33394.32,0.566032,0.0,18902.24,18902.24,2,23.59722222222222,23.33333333333333,0.2638888888888893
2047-11-29,2048-03-03,91,10000000,2.1,39.85,2.02202,0.49,1.3284,33580.09,0.563151,0.0,18910.65,18910.65,2,23.85,23.586111111111112,0.2638888888888893
2048-02-28,2048-06-03,92,10000000,2.1,39.93,2.02208,0.49,1.3358,34136.47,0.560253,0.0,19125.06,19125.06,2,24.105555555555554,23.83888888888889,0.2666666666666657
2048-06-01,2048-09-03,92,10000000,2.1,40.02,2.02208,0.48,1.3433,34328.05,0.55737,0.0,19133.44,19133.44,2,24.36111111111111,24.1,0.2611111111111093
2048-09-01,2048-12-03,91,10000000,2.1,40.1,2.02202,0.48,1.3506,34139.9,0.554534,0.0,18931.72,18931.72,2,24.613888888888887,24.355555555555554,0.2583333333333328
2048-12-01,2049-03-03,90,10000000,2.1,40.18,2.02196,0.48,1.3578,33943.85,0.551742,0.0,18728.25,18728.25,2,24.863888888888887,24.60833333333333,0.2555555555555528
2049-03-01,2049-06-03,92,10000000,2.1,40.26,2.02208,0.47,1.3648,34879.17,0.548903,0.0,19145.29,19145.29,2,25.119444444444444,24.85833333333333,0.2611111111111093
2049-06-01,2049-09-03,92,10000000,2.1,38.53,2.02208,0.47,1.326,33886.8,0.546079,0.0,18504.86,18504.86,2,25.375,25.113888888888887,0.2611111111111128
2049-09-01,2049-12-03,91,10000000,2.1,40.64,1.78681,0.49,1.1883,30037.56,0.543551,0.0,16326.95,16326.95,2,25.627777777777776,25.369444444444444,0.2583333333333328
2049-12-01,2050-03-03,90,10000000,2.1,40.76,1.78677,0.49,1.1955,29888.04,0.541071,0.0,16171.55,16171.55,2,25.877777777777776,25.622222222222224,0.2555555555555528
2050-03-01,2050-06-03,92,10000000,2.1,40.84,1.78686,0.48,1.2021,30720.6,0.538547,0.0,16544.5,16544.5,2,26.133333333333333,25.872222222222224,0.2611111111111093
2050-06-01,2050-09-05,94,10000000,2.1,40.93,1.78695,0.48,1.2088,31561.84,0.535981,0.0,16916.55,16916.55,2,26.39444444444445,26.127777777777776,0.2666666666666692
2050-09-01,2050-12-05,91,10000000,2.1,41.02,1.78681,0.48,1.2153,30719.37,0.533509,0.0,16389.05,16389.05,2,26.647222222222226,26.383333333333333,0.2638888888888893
2050-12-01,2051-03-03,88,10000000,2.1,41.12,1.78681,0.47,1.2218,29867.29,0.531128,0.0,15863.36,15863.36,2,26.891666666666666,26.636111111111116,0.2555555555555528
2051-03-01,2051-06-05,94,10000000,2.1,41.2,1.78695,0.47,1.2283,32071.51,0.528597,0.0,16952.92,16952.92,2,27.15277777777778,26.886111111111116,0.2666666666666657
2051-06-01,2051-09-04,91,10000000,2.1,41.3,1.78686,0.47,1.2347,31211.48,0.526159,0.0,16422.2,16422.2,2,27.405555555555555,27.141666666666666,0.2638888888888893
2051-08-31,2051-12-04,91,10000000,2.1,41.39,1.78681,0.47,1.2411,31372.6,0.523732,0.0,16430.82,16430.82,2,27.65833333333333,27.39444444444445,0.2638888888888893
2051-11-30,2052-03-04,91,10000000,2.1,41.48,1.78681,0.46,1.2475,31533.99,0.521315,0.0,16439.15,16439.15,2,27.91111111111111,27.647222222222226,0.2638888888888893
2052-02-29,2052-06-03,91,10000000,2.1,41.58,1.78686,0.46,1.2539,31695.51,0.51891,0.0,16447.13,16447.13,2,28.163888888888888,27.9,0.2638888888888893
2052-05-30,2052-09-03,92,10000000,2.1,41.67,1.78686,0.46,1.2602,32204.75,0.51649,0.0,16633.44,16633.44,2,28.419444444444444,28.15277777777778,0.2666666666666657
2052-08-30,2052-12-03,91,10000000,2.1,41.77,1.78681,0.45,1.2665,32014.95,0.514107,0.0,16459.12,16459.12,2,28.67222222222222,28.40833333333333,0.2638888888888857
2052-11-29,2053-03-03,90,10000000,2.1,41.87,1.78677,0.45,1.2728,31819.41,0.511762,0.0,16283.96,16283.96,2,28.92222222222222,28.66111111111111,0.2611111111111093
2053-02-27,2053-06-03,92,10000000,2.1,41.97,1.78686,0.45,1.279,32685.27,0.509375,0.0,16649.06,16649.06,2,29.177777777777777,28.91111111111111,0.2666666666666657
2053-05-30,2053-09-03,92,10000000,2.1,42.07,1.78686,0.44,1.2853,32845.69,0.506999,0.0,16652.74,16652.74,2,29.433333333333334,29.166666666666668,0.2666666666666657
2053-09-01,2053-12-03,91,10000000,2.1,42.18,1.78681,0.44,1.2916,32649.7,0.50466,0.0,16477.01,16477.01,2,29.68611111111111,29.427777777777777,0.2583333333333328
2053-12-01,2054-03-03,90,10000000,2.1,42.28,1.78677,0.43,1.2978,32444.64,0.502358,0.0,16298.81,16298.81,2,29.93611111111111,29.68055555555556,0.2555555555555528
2054-02-27,2054-06-03,92,10000000,2.1,42.38,1.78686,0.43,1.3038,33318.28,0.500015,0.0,16659.63,16659.63,2,30.191666666666663,29.925,0.2666666666666657
2054-06-01,2054-09-03,92,10000000,2.1,42.19,1.78686,0.43,1.3036,33315.06,0.497683,0.0,16580.33,16580.33,2,30.447222222222223,30.18611111111111,0.2611111111111128
2024-08-30,2024-12-03,91,10000000,2.5,,3.49,0.0,0.99,25025.0,0.991428,24810.5,0.0,24810.5,3,0.2638888888888889,0.0,0.2638888888888889
2024-11-29,2025-03-03,90,10000000,2.5,25.78,3.09406,0.96,0.6005,15013.67,0.983946,14613.03,159.6,14772.63,3,0.5138888888888888,0.2527777777777777,0.261111111111111
2025-02-27,2025-06-03,92,10000000,2.5,26.48,2.67656,0.67,0.2913,7443.34,0.977475,4410.45,2865.23,7275.68,3,0.7694444444444445,0.5027777777777778,0.2666666666666667
2025-05-30,2025-09-03,92,10000000,2.5,28.07,2.3779,0.46,0.1779,4546.13,0.971753,0.0,4417.71,4417.71,3,1.025,0.7583333333333333,0.2666666666666666
2025-09-01,2025-12-03,91,10000000,2.5,33.94,2.25349,0.44,0.2109,5330.09,0.966554,0.0,5151.82,5151.82,3,1.2777777777777777,1.0194444444444444,0.2583333333333333
2025-12-01,2026-03-03,90,10000000,2.5,34.86,2.17676,0.43,0.2211,5528.25,0.96144,0.0,5315.08,5315.08,3,1.5277777777777777,1.272222222222222,0.2555555555555555
2026-02-27,2026-06-03,92,10000000,2.5,38.85,2.14709,0.46,0.2802,7159.87,0.956425,0.0,6847.88,6847.88,3,1.7833333333333334,1.5166666666666666,0.2666666666666668
2026-06-01,2026-09-03,92,10000000,2.5,39.16,2.14039,0.48,0.3141,8026.04,0.95144,0.0,7636.29,7636.29,3,2.0388888888888888,1.7777777777777777,0.261111111111111
2026-09-01,2026-12-03,91,10000000,2.5,40.23,2.22596,0.52,0.4022,10166.83,0.946437,0.0,9622.26,9622.26,3,2.2916666666666665,2.033333333333333,0.2583333333333333
2026-12-01,2027-03-03,90,10000000,2.5,40.14,2.24025,0.53,0.4392,10980.93,0.941515,0.0,10338.71,10338.71,3,2.5416666666666665,2.286111111111111,0.2555555555555555
2027-03-01,2027-06-03,92,10000000,2.5,40.21,2.24039,0.54,0.4687,11978.72,0.93651,0.0,11218.19,11218.19,3,2.797222222222222,2.536111111111111,0.261111111111111
2027-06-01,2027-09-03,92,10000000,2.5,40.05,2.24039,0.55,0.4941,12627.96,0.931531,0.0,11763.34,11763.34,3,3.0527777777777776,2.7916666666666665,0.261111111111111
2027-09-01,2027-12-03,91,10000000,2.5,39.6,2.26684,0.56,0.5288,13366.59,0.926429,0.0,12383.2,12383.2,3,3.305555555555556,3.047222222222222,0.2583333333333333
2027-12-01,2028-03-03,91,10000000,2.5,39.66,2.26684,0.57,0.5545,14016.28,0.921348,0.0,12913.88,12913.88,3,3.558333333333333,3.3,0.2583333333333333
2028-03-01,2028-06-05,94,10000000,2.5,39.73,2.26705,0.57,0.5794,15129.01,0.916129,0.0,13860.13,13860.13,3,3.8194444444444446,3.5527777777777776,0.266666666666667
2028-06-01,2028-09-04,91,10000000,2.5,39.58,2.26777,0.58,0.6004,15176.16,0.911105,0.0,13827.08,13827.08,3,4.072222222222222,3.808333333333333,0.2638888888888888
2028-08-31,2028-12-04,91,10000000,2.5,38.56,2.34563,0.59,0.652,16480.68,0.905943,0.0,14930.56,14930.56,3,4.325,4.061111111111111,0.2638888888888893
2028-11-30,2029-03-05,91,10000000,2.5,38.57,2.34563,0.59,0.6733,17020.7,0.900809,0.0,15332.4,15332.4,3,4.5777777777777775,4.313888888888889,0.2638888888888884
2029-03-01,2029-06-04,91,10000000,2.5,38.63,2.3457,0.6,0.695,17567.53,0.895704,0.0,15735.3,15735.3,3,4.830555555555556,4.566666666666666,0.2638888888888893
2029-05-31,2029-09-03,91,10000000,2.5,38.57,2.34578,0.6,0.7136,18039.25,0.890627,0.0,16066.24,16066.24,3,5.083333333333333,4.819444444444445,0.2638888888888884
2029-08-30,2029-12-03,91,10000000,2.5,38.42,2.35242,0.6,0.7342,18558.11,0.885442,0.0,16432.13,16432.13,3,5.336111111111111,5.072222222222222,0.2638888888888893
2029-11-29,2030-03-04,91,10000000,2.5,38.47,2.35242,0.6,0.7538,19054.44,0.880286,0.0,16773.35,16773.35,3,5.588888888888889,5.325,0.2638888888888884
2030-02-28,2030-06-03,91,10000000,2.5,38.53,2.3525,0.6,0.7732,19545.05,0.875159,0.0,17105.04,17105.04,3,5.841666666666667,5.5777777777777775,0.2638888888888893
2030-05-30,2030-09-03,92,10000000,2.5,38.1,2.3525,0.6,0.7817,19978.0,0.870007,0.0,17381.0,17381.0,3,6.097222222222222,5.830555555555556,0.2666666666666666
2030-08-30,2030-12-03,91,10000000,2.5,35.88,2.53234,0.62,0.8704,22001.89,0.864736,706.89,18318.93,19025.82,3,6.35,6.086111111111111,0.2638888888888884
2030-11-29,2031-03-03,90,10000000,2.5,35.84,2.53225,0.62,0.8858,22144.17,0.859552,693.02,18341.04,19034.05,3,6.6,6.338888888888889,0.261111111111111
2031-02-27,2031-06-03,92,10000000,2.5,35.89,2.53243,0.62,0.9029,23073.24,0.854284,707.96,19003.15,19711.11,3,6.855555555555555,6.588888888888889,0.2666666666666666
2031-05-30,2031-09-03,92,10000000,2.5,35.9,2.53243,0.62,0.919,23484.93,0.849049,703.62,19236.24,19939.87,3,7.111111111111111,6.844444444444444,0.2666666666666666
2031-09-01,2031-12-03,91,10000000,2.5,35.67,2.55681,0.62,0.9463,23921.25,0.843766,1211.65,18972.3,20183.94,3,7.363888888888889,7.105555555555555,0.2583333333333337
2031-12-01,2032-03-03,91,10000000,2.5,35.72,2.55681,0.62,0.9624,24327.14,0.838515,1204.11,19194.56,20398.67,3,7.616666666666666,7.358333333333333,0.2583333333333328
2032-03-01,2032-06-03,92,10000000,2.5,35.77,2.5569,0.62,0.9784,25002.5,0.833239,1211.61,19621.44,20833.05,3,7.872222222222222,7.611111111111111,0.261111111111111
2032-06-01,2032-09-03,92,10000000,2.5,35.56,2.5569,0.62,0.9878,25244.35,0.827996,1203.99,19698.23,20902.21,3,8.127777777777778,7.866666666666666,0.2611111111111119
2032-09-01,2032-12-03,91,10000000,2.5,34.54,2.64637,0.62,1.039,26263.17,0.822656,3043.68,18561.87,21605.54,3,8.380555555555556,8.122222222222222,0.2583333333333346
2032-12-01,2033-03-03,90,10000000,2.5,34.57,2.64627,0.62,1.0535,26338.1,0.817402,2989.02,18539.8,21528.82,3,8.630555555555556,8.375,0.2555555555555564
2033-03-01,2033-06-03,92,10000000,2.5,34.61,2.64646,0.62,1.0681,27296.76,0.812066,3039.53,19127.24,22166.77,3,8.886111111111111,8.625,0.261111111111111
2033-06-01,2033-09-05,94,10000000,2.5,34.19,2.64666,0.61,1.0704,27948.56,0.80665,3088.98,19455.73,22544.71,3,9.147222222222222,8.880555555555556,0.2666666666666657
2033-09-01,2033-12-05,91,10000000,2.5,33.28,2.70719,0.62,1.1019,27853.74,0.801287,4196.68,18122.16,22318.84,3,9.4,9.136111111111113,0.2638888888888893
2033-12-01,2034-03-03,88,10000000,2.5,33.28,2.70719,0.61,1.1145,27242.71,0.796133,4032.22,17656.59,21688.81,3,9.644444444444444,9.38888888888889,0.2555555555555546
2034-03-01,2034-06-05,94,10000000,2.5,33.31,2.7075,0.61,1.1279,29450.16,0.790664,4283.85,19001.33,23285.18,3,9.905555555555557,9.63888888888889,0.2666666666666657
2034-06-01,2034-09-04,91,10000000,2.5,32.98,2.70801,0.61,1.1311,28592.11,0.785405,4129.78,18326.61,22456.39,3,10.158333333333331,9.894444444444444,0.2638888888888893
2034-08-31,2034-12-04,91,10000000,2.5,32.13,2.77328,0.61,1.1658,29468.47,0.780145,5389.18,17600.49,22989.66,3,10.411111111111111,10.147222222222222,0.2638888888888893
2034-11-30,2035-03-05,91,10000000,2.5,32.12,2.77328,0.61,1.1772,29757.81,0.774919,5353.08,17706.81,23059.89,3,10.66388888888889,10.4,0.2638888888888893
2035-03-01,2035-06-04,91,10000000,2.5,32.16,2.77339,0.6,1.1898,30074.45,0.769728,5319.29,17829.85,23149.15,3,10.916666666666666,10.65277777777778,0.2638888888888875
2035-05-31,2035-09-03,91,10000000,2.5,32.22,2.77361,0.6,1.203,30410.33,0.764572,5288.01,17962.88,23250.89,3,11.169444444444444,10.905555555555557,0.2638888888888893
2035-08-30,2035-12-03,91,10000000,2.5,32.13,2.79398,0.6,1.2263,30998.47,0.759249,5642.11,17893.46,23535.57,3,11.422222222222222,11.158333333333331,0.2638888888888893
2035-11-29,2036-03-03,91,10000000,2.5,32.16,2.79398,0.6,1.2382,31297.99,0.753961,5602.81,17994.66,23597.47,3,11.675,11.411111111111111,0.2638888888888893
2036-02-28,2036-06-03,92,10000000,2.5,32.2,2.79409,0.59,1.2501,31947.38,0.748653,5626.57,18290.93,23917.49,3,11.930555555555555,11.66388888888889,0.2666666666666657
2036-05-30,2036-09-03,92,10000000,2.5,31.21,2.79409,0.59,1.2303,31441.28,0.743382,5586.95,17785.92,23372.87,3,12.186111111111112,11.919444444444444,0.2666666666666675
2036-09-01,2036-12-03,91,10000000,2.5,30.64,2.72977,0.58,1.1758,29721.24,0.738255,4287.85,17654.01,21941.85,3,12.438888888888888,12.180555555555555,0.2583333333333328
2036-12-01,2037-03-03,90,10000000,2.5,30.66,2.72967,0.58,1.1862,29655.64,0.73322,4209.91,17534.2,21744.11,3,12.688888888888888,12.433333333333334,0.2555555555555546
2037-02-27,2037-06-03,92,10000000,2.5,30.69,2.72987,0.58,1.1967,30583.58,0.728109,4277.31,17990.87,22268.18,3,12.944444444444445,12.677777777777775,0.2666666666666675
2037-06-01,2037-09-03,92,10000000,2.5,30.73,2.72987,0.58,1.2078,30864.83,0.723034,4247.5,18068.81,22316.31,3,13.2,12.938888888888888,0.261111111111111
2037-09-01,2037-12-03,91,10000000,2.5,30.76,2.72977,0.57,1.2184,30798.28,0.718048,4170.48,17944.16,22114.64,3,13.452777777777778,13.194444444444445,0.2583333333333328
2037-12-01,2038-03-03,90,10000000,2.5,30.79,2.72967,0.57,1.2288,30720.22,0.713151,4094.68,17813.47,21908.16,3,13.702777777777778,13.447222222222225,0.2555555555555546
2038-03-01,2038-06-03,92,10000000,2.5,30.82,2.72987,0.57,1.2391,31666.9,0.70818,4160.24,18265.62,22425.86,3,13.958333333333334,13.697222222222225,0.261111111111111
2038-06-01,2038-09-03,92,10000000,2.5,30.86,2.72987,0.56,1.2495,31932.52,0.703243,4131.23,18325.09,22456.32,3,14.213888888888889,13.952777777777778,0.261111111111111
2038-09-01,2038-12-03,91,10000000,2.5,30.89,2.72977,0.56,1.2597,31843.65,0.698394,4056.33,18183.08,22239.41,3,14.466666666666669,14.208333333333334,0.2583333333333328
2038-12-01,2039-03-03,90,10000000,2.5,30.92,2.72967,0.56,1.2698,31744.87,0.693631,3982.61,18036.62,22019.23,3,14.716666666666669,14.46111111111111,0.2555555555555564
2039-03-01,2039-06-03,92,10000000,2.5,30.96,2.72987,0.55,1.2798,32706.15,0.688796,4046.36,18481.49,22527.86,3,14.97222222222222,14.71111111111111,0.261111111111111
2039-06-01,2039-09-05,94,10000000,2.5,30.43,2.73008,0.55,1.2711,33190.3,0.68389,4108.57,18589.95,22698.52,3,15.233333333333333,14.966666666666669,0.2666666666666657
2039-09-01,2039-12-05,91,10000000,2.5,31.85,2.4846,0.55,1.1455,28955.89,0.679716,0.0,19681.79,19681.79,3,15.48611111111111,15.22222222222222,0.2638888888888893
2039-12-01,2040-03-05,91,10000000,2.5,31.96,2.4846,0.55,1.1572,29252.18,0.675573,0.0,19762.0,19762.0,3,15.738888888888887,15.475,0.2638888888888893
2040-03-01,2040-06-04,91,10000000,2.5,32.0,2.48468,0.54,1.1668,29493.4,0.671456,0.0,19803.52,19803.52,3,15.991666666666667,15.727777777777778,0.2638888888888893
2040-05-31,2040-09-03,91,10000000,2.5,32.03,2.48468,0.54,1.1762,29731.09,0.667364,0.0,19841.45,19841.45,3,16.244444444444444,15.980555555555556,0.2638888888888875
2040-08-30,2040-12-03,91,10000000,2.5,32.07,2.4846,0.54,1.1854,29965.31,0.663296,0.0,19875.88,19875.88,3,16.497222222222224,16.233333333333334,0.2638888888888893
2040-11-29,2041-03-04,91,10000000,2.5,32.11,2.4846,0.54,1.1947,30199.34,0.659254,0.0,19909.03,19909.03,3,16.75,16.48611111111111,0.2638888888888893
2041-02-28,2041-06-03,91,10000000,2.5,32.14,2.48468,0.53,1.204,30433.24,0.655236,0.0,19940.95,19940.95,3,17.002777777777776,16.738888888888887,0.2638888888888893
2041-05-30,2041-09-03,92,10000000,2.5,32.18,2.48468,0.53,1.213,30999.98,0.651199,0.0,20187.14,20187.14,3,17.258333333333333,16.991666666666667,0.2666666666666657
2041-08-30,2041-12-03,91,10000000,2.5,32.22,2.4846,0.53,1.2221,30893.21,0.64723,0.0,19995.0,19995.0,3,17.511111111111113,17.247222222222224,0.2638888888888893
2041-11-29,2042-03-03,90,10000000,2.5,32.26,2.48451,0.52,1.2311,30777.59,0.643328,0.0,19800.09,19800.09,3,17.761111111111113,17.5,0.2611111111111128
2042-02-27,2042-06-03,92,10000000,2.5,32.3,2.48468,0.52,1.24,31689.19,0.639364,0.0,20260.94,20260.94,3,18.016666666666666,17.75,0.2666666666666657
2042-05-30,2042-09-03,92,10000000,2.5,32.33,2.48468,0.52,1.249,31917.8,0.635425,0.0,20281.36,20281.36,3,18.272222222222226,18.005555555555556,0.2666666666666657
2042-09-01,2042-12-03,91,10000000,2.5,32.37,2.4846,0.51,1.258,31799.34,0.631552,0.0,20082.94,20082.94,3,18.525,18.266666666666666,0.2583333333333328
2042-12-01,2043-03-03,90,10000000,2.5,32.41,2.48451,0.51,1.2667,31667.46,0.627745,0.0,19879.09,19879.09,3,18.775,18.51944444444445,0.2555555555555528
2043-02-27,2043-06-03,92,10000000,2.5,32.45,2.48468,0.51,1.2752,32587.7,0.623877,0.0,20330.73,20330.73,3,19.030555555555555,18.76388888888889,0.2666666666666657
2043-06-01,2043-09-03,92,10000000,2.5,32.49,2.48468,0.51,1.2841,32814.95,0.620033,0.0,20346.36,20346.36,3,19.28611111111111,19.025,0.2611111111111128
2043-09-01,2043-12-03,91,10000000,2.5,32.53,2.4846,0.5,1.2927,32676.62,0.616254,0.0,20137.12,20137.12,3,19.538888888888888,19.280555555555555,0.2583333333333328
2043-12-01,2044-03-03,91,10000000,2.5,32.57,2.4846,0.5,1.3012,32891.78,0.612499,0.0,20146.17,20146.17,3,19.791666666666668,19.53333333333333,0.2583333333333328
2044-03-01,2044-06-03,92,10000000,2.5,32.61,2.48468,0.5,1.3097,33470.23,0.608725,0.0,20374.15,20374.15,3,20.04722222222222,19.78611111111111,0.2611111111111093
2044-06-01,2044-09-05,94,10000000,2.5,31.63,2.48486,0.49,1.2831,33503.96,0.604893,0.0,20266.3,20266.3,3,20.308333333333334,20.041666666666668,0.2666666666666657
2044-09-01,2044-12-05,91,10000000,2.5,35.33,2.02202,0.51,1.0606,26808.6,0.601807,0.0,16133.62,16133.62,3,20.56111111111111,20.29722222222222,0.2638888888888893
2044-12-01,2045-03-03,88,10000000,2.5,35.59,2.02202,0.51,1.0742,26258.93,0.598845,0.0,15725.03,15725.03,3,20.80555555555556,20.55,0.2555555555555564
2045-03-01,2045-06-05,94,10000000,2.5,35.64,2.02219,0.51,1.0821,28253.65,0.595697,0.0,16830.61,16830.61,3,21.066666666666663,20.8,0.2666666666666657
2045-06-01,2045-09-04,91,10000000,2.5,35.69,2.02208,0.5,1.0899,27550.96,0.592665,0.0,16328.5,16328.5,3,21.319444444444443,21.05555555555556,0.2638888888888857
2045-08-31,2045-12-04,91,10000000,2.5,35.74,2.02202,0.5,1.0977,27746.71,0.589649,0.0,16360.81,16360.81,3,21.572222222222223,21.308333333333334,0.2638888888888893
2045-11-30,2046-03-05,91,10000000,2.5,35.8,2.02202,0.5,1.1054,27942.44,0.586648,0.0,16392.37,16392.37,3,21.825,21.56111111111111,0.2638888888888893
2046-03-01,2046-06-04,91,10000000,2.5,35.85,2.02208,0.5,1.1132,28138.14,0.583662,0.0,16423.16,16423.16,3,22.07777777777778,21.81388888888889,0.2638888888888893
2046-05-31,2046-09-03,91,10000000,2.5,35.91,2.02208,0.49,1.1208,28331.65,0.580691,0.0,16451.94,16451.94,3,22.33055555555556,22.066666666666663,0.2638888888888893
2046-08-30,2046-12-03,91,10000000,2.5,35.96,2.02202,0.49,1.1284,28522.99,0.577736,0.0,16478.75,16478.75,3,22.58333333333333,22.319444444444443,0.2638888888888893
2046-11-29,2047-03-04,91,10000000,2.5,36.02,2.02202,0.49,1.136,28714.38,0.574795,0.0,16504.89,16504.89,3,22.836111111111112,22.572222222222223,0.2638888888888893
2047-02-28,2047-06-03,91,10000000,2.5,36.08,2.02208,0.49,1.1435,28905.83,0.57187,0.0,16530.37,16530.37,3,23.08888888888889,22.825,0.2638888888888893
2047-05-30,2047-09-03,92,10000000,2.5,36.13,2.02208,0.48,1.151,29414.25,0.568927,0.0,16734.57,16734.57,3,23.344444444444445,23.07777777777778,0.2666666666666657
2047-08-30,2047-12-03,91,10000000,2.5,36.19,2.02202,0.48,1.1585,29284.22,0.566032,0.0,16575.79,16575.79,3,23.59722222222222,23.33333333333333,0.2638888888888893
2048-02-28,2048-06-03,92,10000000,2.5,36.31,2.02208,0.48,1.1733,29984.33,0.560253,0.0,16798.81,16798.81,3,24.105555555555554,23.83888888888889,0.2666666666666657
2048-06-01,2048-09-03,92,10000000,2.5,36.37,2.02208,0.47,1.1809,30177.54,0.55737,0.0,16820.07,16820.07,3,24.36111111111111,24.1,0.2611111111111093
2048-09-01,2048-12-03,91,10000000,2.5,36.43,2.02202,0.47,1.1882,30036.02,0.554534,0.0,16655.98,16655.98,3,24.613888888888887,24.355555555555554,0.2583333333333328
2048-12-01,2049-03-03,90,10000000,2.5,36.49,2.02196,0.47,1.1955,29886.78,0.551742,0.0,16489.8,16489.8,3,24.863888888888887,24.60833333333333,0.2555555555555528
2049-03-01,2049-06-03,92,10000000,2.5,36.54,2.02208,0.46,1.2026,30733.57,0.548903,0.0,16869.75,16869.75,3,25.119444444444444,24.85833333333333,0.2611111111111093
2049-06-01,2049-09-03,92,10000000,2.5,35.17,2.02208,0.46,1.1671,29825.66,0.546079,0.0,16287.16,16287.16,3,25.375,25.113888888888887,0.2611111111111128
2049-09-01,2049-12-03,91,10000000,2.5,37.14,1.78681,0.48,1.0468,26460.2,0.543551,0.0,14382.47,14382.47,3,25.627777777777776,25.369444444444444,0.2583333333333328
2047-11-29,2048-03-03,91,10000000,2.5,36.25,2.02202,0.48,1.1659,29471.57,0.563151,0.0,16596.94,16596.94,3,23.85,23.586111111111112,0.2638888888888893
2049-12-01,2050-03-03,90,10000000,2.5,37.23,1.78677,0.47,1.0541,26352.78,0.541071,0.0,14258.72,14258.72,3,25.877777777777776,25.622222222222224,0.2555555555555528
2050-03-01,2050-06-03,92,10000000,2.5,37.29,1.78686,0.47,1.0608,27108.08,0.538547,0.0,14598.99,14598.99,3,26.133333333333333,25.872222222222224,0.2611111111111093
2050-06-01,2050-09-05,94,10000000,2.5,37.36,1.78695,0.47,1.0674,27872.29,0.535981,0.0,14939.02,14939.02,3,26.39444444444445,26.127777777777776,0.2666666666666692
2050-09-01,2050-12-05,91,10000000,2.5,37.42,1.78681,0.47,1.074,27149.34,0.533509,0.0,14484.41,14484.41,3,26.647222222222226,26.383333333333333,0.2638888888888893
2050-12-01,2051-03-03,88,10000000,2.5,37.49,1.78681,0.46,1.0807,26416.46,0.531128,0.0,14030.53,14030.53,3,26.891666666666666,26.636111111111116,0.2555555555555528
2051-03-01,2051-06-05,94,10000000,2.5,37.56,1.78695,0.46,1.0872,28386.76,0.528597,0.0,15005.17,15005.17,3,27.15277777777778,26.886111111111116,0.2666666666666657
2051-06-01,2051-09-04,91,10000000,2.5,37.62,1.78686,0.46,1.0937,27646.11,0.526159,0.0,14546.24,14546.24,3,27.405555555555555,27.141666666666666,0.2638888888888893
2051-08-31,2051-12-04,91,10000000,2.5,37.69,1.78681,0.46,1.1001,27808.87,0.523732,0.0,14564.38,14564.38,3,27.65833333333333,27.39444444444445,0.2638888888888893
2051-11-30,2052-03-04,91,10000000,2.5,37.76,1.78681,0.45,1.1066,27971.87,0.521315,0.0,14582.17,14582.17,3,27.91111111111111,27.647222222222226,0.2638888888888893
2052-02-29,2052-06-03,91,10000000,2.5,37.83,1.78686,0.45,1.113,28134.98,0.51891,0.0,14599.53,14599.53,3,28.163888888888888,27.9,0.2638888888888893
2052-05-30,2052-09-03,92,10000000,2.5,37.9,1.78686,0.45,1.1194,28606.77,0.51649,0.0,14775.12,14775.12,3,28.419444444444444,28.15277777777778,0.2666666666666657
2052-08-30,2052-12-03,91,10000000,2.5,37.97,1.78681,0.45,1.1258,28457.82,0.514107,0.0,14630.38,14630.38,3,28.67222222222222,28.40833333333333,0.2638888888888857
2052-11-29,2053-03-03,90,10000000,2.5,38.04,1.78677,0.44,1.1321,28303.11,0.511762,0.0,14484.45,14484.45,3,28.92222222222222,28.66111111111111,0.2611111111111093
2053-02-27,2053-06-03,92,10000000,2.5,38.11,1.78686,0.44,1.1384,29092.41,0.509375,0.0,14818.95,14818.95,3,29.177777777777777,28.91111111111111,0.2666666666666657
2053-05-30,2053-09-03,92,10000000,2.5,38.18,1.78686,0.44,1.1447,29254.57,0.506999,0.0,14832.04,14832.04,3,29.433333333333334,29.166666666666668,0.2666666666666657
2053-09-01,2053-12-03,91,10000000,2.5,38.25,1.78681,0.43,1.1512,29099.42,0.50466,0.0,14685.32,14685.32,3,29.68611111111111,29.427777777777777,0.2583333333333328
2053-12-01,2054-03-03,90,10000000,2.5,38.33,1.78677,0.43,1.1574,28935.14,0.502358,0.0,14535.79,14535.79,3,29.93611111111111,29.68055555555556,0.2555555555555528
2054-02-27,2054-06-03,92,10000000,2.5,38.4,1.78686,0.43,1.1634,29732.39,0.500015,0.0,14866.64,14866.64,3,30.191666666666663,29.925,0.2666666666666657
2054-06-01,2054-09-03,92,10000000,2.5,38.21,1.78686,0.42,1.1628,29714.97,0.497683,0.0,14788.63,14788.63,3,30.447222222222223,30.18611111111111,0.2611111111111128
